Title,Country,Date,Time,Impact,Forecast,Previous,URL
Core CPI m/m,USD,07-14-2026,3:30pm,High,,,
Core CPI y/y,USD,07-14-2026,3:30pm,High,,,
CPI m/m,USD,07-14-2026,3:30pm,High,,,
CPI y/y,USD,07-14-2026,3:30pm,High,,,
Fed Chairman Warsh Testifies,USD,07-14-2026,5:00pm,High,,,
BOE Gov Bailey Speaks,GBP,07-14-2026,11:00pm,High,,,
Core PPI m/m,USD,07-15-2026,3:30pm,High,,,
PPI m/m,USD,07-15-2026,3:30pm,High,,,
Fed Chairman Warsh Testifies,USD,07-15-2026,5:00pm,High,,,
GDP m/m,GBP,07-16-2026,9:00am,High,,,
